Number,Input_Bits,Peak_Bits,d,S,S_over_d
2358909599867980429759,71,138,257,341,1.3268
3538364399801970644639,72,138,256,340,1.3281
4717819199735960859519,72,138,257,342,1.3307
7961319899554433950439,73,138,254,338,1.3307
5307546599702955966959,73,138,255,339,1.3294
7076728799603941289279,73,138,256,341,1.3320
9435638399471921719037,73,138,257,343,1.3346
13434727330498107291367,74,138,251,334,1.3307
17912969773997476388489,74,138,252,336,1.3333
11941979849331650925659,74,138,253,337,1.3320
15922639799108867900879,74,138,254,339,1.3346
10615093199405911933919,74,138,255,340,1.3333
14153457599207882578557,74,138,256,342,1.3359
18871276798943843438077,74,138,257,344,1.3385
20152090995747160937051,75,138,250,333,1.3320
35825939547994952776979,75,138,252,337,1.3373
23883959698663301851319,75,138,253,338,1.3360
31845279598217735801757,75,138,254,340,1.3386
21230186398811823867837,75,138,255,341,1.3373
28306915198415765157117,75,138,256,343,1.3398
37742553597887686876149,75,138,257,345,1.3424
53738909321992429165469,76,138,251,336,1.3386
71651879095989905553957,76,138,252,338,1.3413
47767919397326603702637,76,138,253,339,1.3399
63690559196435471603517,76,138,254,341,1.3425
42460372797623647735677,76,138,255,342,1.3412
56613830396831530314229,76,138,256,344,1.3438
75485107195775373752305,76,138,257,346,1.3463
75485107195775373752309,76,138,257,346,1.3463
143303758191979811107917,77,138,252,339,1.3452
95535838794653207405277,77,138,253,340,1.3439
127381118392870943207029,77,138,254,342,1.3465
84920745595247295471349,77,138,255,343,1.3451
113227660793663060628465,77,138,256,345,1.3477
113227660793663060628469,77,138,256,345,1.3477
150970214391550747504597,77,138,257,347,1.3502
150970214391550747504611,77,138,257,347,1.3502
150970214391550747504625,77,138,257,347,1.3502
214955637287969716661877,78,138,251,338,1.3466
286607516383959622215829,78,138,252,340,1.3492
191071677589306414810549,78,138,253,341,1.3478
254762236785741886414065,78,138,254,343,1.3504
254762236785741886414069,78,138,254,343,1.3504
169841491190494590942705,78,138,255,344,1.3490
169841491190494590942709,78,138,255,344,1.3490
226455321587326121256917,78,138,256,346,1.3516
226455321587326121256931,78,138,256,346,1.3516
226455321587326121256945,78,138,256,346,1.3516
301940428783101495009221,78,138,257,348,1.3541
301940428783101495009237,78,138,257,348,1.3541
301940428783101495009241,78,138,257,348,1.3541
301940428783101495009251,78,138,257,348,1.3541
573215032767919244431669,79,138,252,341,1.3532
382143355178612829621105,79,138,253,342,1.3518
382143355178612829621109,79,138,253,342,1.3518
509524473571483772828117,79,138,254,344,1.3543
509524473571483772828131,79,138,254,344,1.3543
509524473571483772828145,79,138,254,344,1.3543
339682982380989181885397,79,138,255,345,1.3529
339682982380989181885411,79,138,255,345,1.3529
339682982380989181885425,79,138,255,345,1.3529
452910643174652242513861,79,138,256,347,1.3555
452910643174652242513877,79,138,256,347,1.3555
452910643174652242513881,79,138,256,347,1.3555
452910643174652242513891,79,138,256,347,1.3555
603880857566202990018389,79,138,257,349,1.3580
603880857566202990018445,79,138,257,349,1.3580
603880857566202990018481,79,138,257,349,1.3580
603880857566202990018483,79,138,257,349,1.3580
603880857566202990018501,79,138,257,349,1.3580
603880857566202990018507,79,138,257,349,1.3580
603880857566202990018521,79,138,257,349,1.3580
859822549151878866647509,80,138,251,340,1.3546
1146430065535838488863345,80,138,252,342,1.3571
1146430065535838488863317,80,138,252,342,1.3571
764286710357225659242197,80,138,253,343,1.3557
764286710357225659242211,80,138,253,343,1.3557
764286710357225659242225,80,138,253,343,1.3557
1019048947142967545656261,80,138,254,345,1.3583
1019048947142967545656277,80,138,254,345,1.3583
1019048947142967545656281,80,138,254,345,1.3583
1019048947142967545656291,80,138,254,345,1.3583
679365964761978363770821,80,138,255,346,1.3569
679365964761978363770837,80,138,255,346,1.3569
679365964761978363770841,80,138,255,346,1.3569
679365964761978363770851,80,138,255,346,1.3569
905821286349304485027669,80,138,256,348,1.3594
905821286349304485027725,80,138,256,348,1.3594
905821286349304485027761,80,138,256,348,1.3594
905821286349304485027763,80,138,256,348,1.3594
905821286349304485027781,80,138,256,348,1.3594
905821286349304485027787,80,138,256,348,1.3594
905821286349304485027801,80,138,256,348,1.3594
1207761715132405980036885,80,138,257,350,1.3619
1207761715132405980036949,80,138,257,350,1.3619
1207761715132405980036963,80,138,257,350,1.3619
1207761715132405980036965,80,138,257,350,1.3619
1207761715132405980037005,80,138,257,350,1.3619
1207761715132405980037015,80,138,257,350,1.3619
1207761715132405980037017,80,138,257,350,1.3619
1207761715132405980037041,80,138,257,350,1.3619
1207761715132405980037043,80,138,257,350,1.3619
1207761715132405980037049,80,138,257,350,1.3619
1207761715132405980037051,80,138,257,350,1.3619
1207761715132405980037067,80,138,257,350,1.3619
2292860131071676977726677,81,138,252,343,1.3611
2292860131071676977726691,81,138,252,343,1.3611
1528573420714451318484421,81,138,253,344,1.3597
1528573420714451318484437,81,138,253,344,1.3597
1528573420714451318484451,81,138,253,344,1.3597
2038097894285935091312469,81,138,254,346,1.3622
2038097894285935091312525,81,138,254,346,1.3622
2038097894285935091312561,81,138,254,346,1.3622
2038097894285935091312563,81,138,254,346,1.3622
2038097894285935091312581,81,138,254,346,1.3622
2038097894285935091312601,81,138,254,346,1.3622
1358731929523956727541589,81,138,255,347,1.3608
1358731929523956727541645,81,138,255,347,1.3608
1358731929523956727541681,81,138,255,347,1.3608
1358731929523956727541683,81,138,255,347,1.3608
1358731929523956727541701,81,138,255,347,1.3608
1358731929523956727541707,81,138,255,347,1.3608
1358731929523956727541721,81,138,255,347,1.3608
1811642572698608970055445,81,138,256,349,1.3633
1811642572698608970055509,81,138,256,349,1.3633
1811642572698608970055523,81,138,256,349,1.3633
1811642572698608970055525,81,138,256,349,1.3633
1811642572698608970055565,81,138,256,349,1.3633
1811642572698608970055575,81,138,256,349,1.3633
1811642572698608970055577,81,138,256,349,1.3633
1811642572698608970055601,81,138,256,349,1.3633
1811642572698608970055603,81,138,256,349,1.3633
1811642572698608970055609,81,138,256,349,1.3633
1811642572698608970055611,81,138,256,349,1.3633
1811642572698608970055627,81,138,256,349,1.3633
2415523430264811960073557,81,138,257,351,1.3658
2415523430264811960073781,81,138,257,351,1.3658
2415523430264811960073925,81,138,257,351,1.3658
2415523430264811960073933,81,138,257,351,1.3658
2415523430264811960074005,81,138,257,351,1.3658
2415523430264811960074029,81,138,257,351,1.3658
2415523430264811960074033,81,138,257,351,1.3658
2415523430264811960074035,81,138,257,351,1.3658
2415523430264811960074083,81,138,257,351,1.3658
2415523430264811960074085,81,138,257,351,1.3658
2415523430264811960074099,81,138,257,351,1.3658
2415523430264811960074103,81,138,257,351,1.3658
2415523430264811960074135,81,138,257,351,1.3658
2415523430264811960074137,81,138,257,351,1.3658
2415523430264811960074145,81,138,257,351,1.3658
2415523430264811960074169,81,138,257,351,1.3658
2415523430264811960074171,81,138,257,351,1.3658
3439290196607515466590037,82,138,251,342,1.3625
4585720262143353955453381,82,138,252,344,1.3651
4585720262143353955453269,82,138,252,344,1.3651
3057146841428902636968789,82,138,253,345,1.3636
3057146841428902636968845,82,138,253,345,1.3636
3057146841428902636968901,82,138,253,345,1.3636
3057146841428902636968921,82,138,253,345,1.3636
4076195788571870182625045,82,138,254,347,1.3661
4076195788571870182625109,82,138,254,347,1.3661
4076195788571870182625123,82,138,254,347,1.3661
4076195788571870182625125,82,138,254,347,1.3661
4076195788571870182625165,82,138,254,347,1.3661
4076195788571870182625201,82,138,254,347,1.3661
4076195788571870182625203,82,138,254,347,1.3661
4076195788571870182625227,82,138,254,347,1.3661
2717463859047913455083285,82,138,255,348,1.3647
2717463859047913455083349,82,138,255,348,1.3647
2717463859047913455083363,82,138,255,348,1.3647
2717463859047913455083365,82,138,255,348,1.3647
2717463859047913455083405,82,138,255,348,1.3647
2717463859047913455083415,82,138,255,348,1.3647
2717463859047913455083417,82,138,255,348,1.3647
2717463859047913455083441,82,138,255,348,1.3647
2717463859047913455083443,82,138,255,348,1.3647
2717463859047913455083467,82,138,255,348,1.3647
3623285145397217940110901,82,138,256,350,1.3672
3623285145397217940111045,82,138,256,350,1.3672
3623285145397217940111053,82,138,256,350,1.3672
3623285145397217940111125,82,138,256,350,1.3672
3623285145397217940111149,82,138,256,350,1.3672
3623285145397217940111153,82,138,256,350,1.3672
3623285145397217940111155,82,138,256,350,1.3672
3623285145397217940111203,82,138,256,350,1.3672
3623285145397217940111205,82,138,256,350,1.3672
3623285145397217940111219,82,138,256,350,1.3672
3623285145397217940111223,82,138,256,350,1.3672
3623285145397217940111255,82,138,256,350,1.3672
3623285145397217940111257,82,138,256,350,1.3672
3623285145397217940111291,82,138,256,350,1.3672
3623285145397217940111289,82,138,256,350,1.3672
3623285145397217940110677,82,138,256,350,1.3672
4831046860529623920147541,82,138,257,352,1.3696
4831046860529623920147569,82,138,257,352,1.3696
4831046860529623920147797,82,138,257,352,1.3696
4831046860529623920147853,82,138,257,352,1.3696
4831046860529623920147861,82,138,257,352,1.3696
4831046860529623920148021,82,138,257,352,1.3696
4831046860529623920148061,82,138,257,352,1.3696
4831046860529623920148067,82,138,257,352,1.3696
4831046860529623920148069,82,138,257,352,1.3696
4831046860529623920148165,82,138,257,352,1.3696
4831046860529623920148173,82,138,257,352,1.3696
4831046860529623920148197,82,138,257,352,1.3696
4831046860529623920148205,82,138,257,352,1.3696
4831046860529623920148269,82,138,257,352,1.3696
4831046860529623920148273,82,138,257,352,1.3696
4831046860529623920148275,82,138,257,352,1.3696
4831046860529623920148291,82,138,257,352,1.3696
4831046860529623920148297,82,138,257,352,1.3696
4831046860529623920148339,82,138,257,352,1.3696
4831046860529623920148343,82,138,257,352,1.3696
4831046860529623920148385,82,138,257,352,1.3696
9171440524286707910906765,83,138,252,345,1.3690
9171440524286707910906709,83,138,252,345,1.3690
6114293682857805273937685,83,138,253,346,1.3676
6114293682857805273937749,83,138,253,346,1.3676
6114293682857805273937805,83,138,253,346,1.3676
6114293682857805273937841,83,138,253,346,1.3676
6114293682857805273937843,83,138,253,346,1.3676
8152391577143740365249877,83,138,254,348,1.3701
8152391577143740365250403,83,138,254,348,1.3701
8152391577143740365250405,83,138,254,348,1.3701
8152391577143740365250455,83,138,254,348,1.3701
8152391577143740365250457,83,138,254,348,1.3701
8152391577143740365250101,83,138,254,348,1.3701
8152391577143740365250245,83,138,254,348,1.3701
8152391577143740365250253,83,138,254,348,1.3701
8152391577143740365250325,83,138,254,348,1.3701
5434927718095826910166805,83,138,255,349,1.3686
5434927718095826910166829,83,138,255,349,1.3686
5434927718095826910166833,83,138,255,349,1.3686
5434927718095826910166835,83,138,255,349,1.3686
5434927718095826910166357,83,138,255,349,1.3686
5434927718095826910166883,83,138,255,349,1.3686
5434927718095826910166885,83,138,255,349,1.3686
5434927718095826910166935,83,138,255,349,1.3686
5434927718095826910166937,83,138,255,349,1.3686
5434927718095826910166971,83,138,255,349,1.3686
5434927718095826910166969,83,138,255,349,1.3686
5434927718095826910166581,83,138,255,349,1.3686
5434927718095826910166725,83,138,255,349,1.3686
5434927718095826910166733,83,138,255,349,1.3686
7246570290794435880221781,83,138,256,351,1.3711
7246570290794435880221809,83,138,256,351,1.3711
7246570290794435880222037,83,138,256,351,1.3711
7246570290794435880222093,83,138,256,351,1.3711
7246570290794435880222101,83,138,256,351,1.3711
7246570290794435880222261,83,138,256,351,1.3711
7246570290794435880222301,83,138,256,351,1.3711
7246570290794435880222307,83,138,256,351,1.3711
7246570290794435880222309,83,138,256,351,1.3711
7246570290794435880222405,83,138,256,351,1.3711
7246570290794435880222413,83,138,256,351,1.3711
7246570290794435880222437,83,138,256,351,1.3711
7246570290794435880222445,83,138,256,351,1.3711
7246570290794435880222509,83,138,256,351,1.3711
7246570290794435880222513,83,138,256,351,1.3711
7246570290794435880222515,83,138,256,351,1.3711
7246570290794435880222579,83,138,256,351,1.3711
7246570290794435880222583,83,138,256,351,1.3711
7246570290794435880222625,83,138,256,351,1.3711
9662093721059247840295125,83,138,257,353,1.3735
9662093721059247840295139,83,138,257,353,1.3735
9662093721059247840295701,83,138,257,353,1.3735
9662093721059247840295733,83,138,257,353,1.3735
9662093721059247840295745,83,138,257,353,1.3735
9662093721059247840296021,83,138,257,353,1.3735
9662093721059247840296049,83,138,257,353,1.3735
9662093721059247840296117,83,138,257,353,1.3735
9662093721059247840296133,83,138,257,353,1.3735
9662093721059247840296141,83,138,257,353,1.3735
9662093721059247840294229,83,138,257,353,1.3735
9662093721059247840296333,83,138,257,353,1.3735
9662093721059247840296341,83,138,257,353,1.3735
9662093721059247840296397,83,138,257,353,1.3735
9662093721059247840296401,83,138,257,353,1.3735
9662093721059247840296409,83,138,257,353,1.3735
9662093721059247840296413,83,138,257,353,1.3735
9662093721059247840296541,83,138,257,353,1.3735
9662093721059247840296547,83,138,257,353,1.3735
9662093721059247840296549,83,138,257,353,1.3735
9662093721059247840296581,83,138,257,353,1.3735
9662093721059247840296587,83,138,257,353,1.3735
9662093721059247840296593,83,138,257,353,1.3735
9662093721059247840296595,83,138,257,353,1.3735
9662093721059247840296677,83,138,257,353,1.3735
9662093721059247840296685,83,138,257,353,1.3735
9662093721059247840296771,83,138,257,353,1.3735
9662093721059247840296777,83,138,257,353,1.3735
9662093721059247840296833,83,138,257,353,1.3735
13757160786430061866360149,84,138,251,344,1.3705
18342881048573415821813525,84,138,252,346,1.3730
18342881048573415821813077,84,138,252,346,1.3730
12228587365715610547875381,84,138,253,347,1.3715
12228587365715610547875605,84,138,253,347,1.3715
12228587365715610547875157,84,138,253,347,1.3715
12228587365715610547875683,84,138,253,347,1.3715
12228587365715610547875685,84,138,253,347,1.3715
16304783154287480730500805,84,138,254,349,1.3740
16304783154287480730500813,84,138,254,349,1.3740
16304783154287480730500909,84,138,254,349,1.3740
16304783154287480730500913,84,138,254,349,1.3740
16304783154287480730500915,84,138,254,349,1.3740
16304783154287480730500437,84,138,254,349,1.3740
16304783154287480730500493,84,138,254,349,1.3740
16304783154287480730500501,84,138,254,349,1.3740
16304783154287480730500661,84,138,254,349,1.3740
16304783154287480730500181,84,138,254,349,1.3740
16304783154287480730500209,84,138,254,349,1.3740
10869855436191653820333621,84,138,255,350,1.3725
10869855436191653820333869,84,138,255,350,1.3725
10869855436191653820333141,84,138,255,350,1.3725
10869855436191653820333661,84,138,255,350,1.3725
10869855436191653820333667,84,138,255,350,1.3725
10869855436191653820333669,84,138,255,350,1.3725
10869855436191653820333169,84,138,255,350,1.3725
10869855436191653820333765,84,138,255,350,1.3725
10869855436191653820333773,84,138,255,350,1.3725
10869855436191653820333873,84,138,255,350,1.3725
10869855436191653820333875,84,138,255,350,1.3725
10869855436191653820333397,84,138,255,350,1.3725
10869855436191653820333939,84,138,255,350,1.3725
10869855436191653820333943,84,138,255,350,1.3725
10869855436191653820333453,84,138,255,350,1.3725
10869855436191653820333461,84,138,255,350,1.3725
14493140581588871760443605,84,138,256,352,1.3750
14493140581588871760443619,84,138,256,352,1.3750
14493140581588871760444181,84,138,256,352,1.3750
14493140581588871760444213,84,138,256,352,1.3750
14493140581588871760444225,84,138,256,352,1.3750
14493140581588871760444501,84,138,256,352,1.3750
14493140581588871760444529,84,138,256,352,1.3750
14493140581588871760444597,84,138,256,352,1.3750
14493140581588871760444613,84,138,256,352,1.3750
14493140581588871760444621,84,138,256,352,1.3750
14493140581588871760442709,84,138,256,352,1.3750
14493140581588871760444813,84,138,256,352,1.3750
14493140581588871760444821,84,138,256,352,1.3750
14493140581588871760444877,84,138,256,352,1.3750
14493140581588871760444881,84,138,256,352,1.3750
14493140581588871760444889,84,138,256,352,1.3750
14493140581588871760444893,84,138,256,352,1.3750
14493140581588871760445021,84,138,256,352,1.3750
14493140581588871760445027,84,138,256,352,1.3750
14493140581588871760445029,84,138,256,352,1.3750
14493140581588871760445157,84,138,256,352,1.3750
14493140581588871760445165,84,138,256,352,1.3750
14493140581588871760445251,84,138,256,352,1.3750
14493140581588871760445257,84,138,256,352,1.3750
19324187442118495680592085,84,138,257,354,1.3774
19324187442118495680592099,84,138,257,354,1.3774
19324187442118495680590165,84,138,257,354,1.3774
19324187442118495680592241,84,138,257,354,1.3774
19324187442118495680592245,84,138,257,354,1.3774
19324187442118495680592269,84,138,257,354,1.3774
19324187442118495680592277,84,138,257,354,1.3774
19324187442118495680590277,84,138,257,354,1.3774
19324187442118495680592661,84,138,257,354,1.3774
19324187442118495680592693,84,138,257,354,1.3774
19324187442118495680592705,84,138,257,354,1.3774
19324187442118495680592789,84,138,257,354,1.3774
19324187442118495680592803,84,138,257,354,1.3774
19324187442118495680592817,84,138,257,354,1.3774
19324187442118495680592819,84,138,257,354,1.3774
19324187442118495680592821,84,138,257,354,1.3774
19324187442118495680593077,84,138,257,354,1.3774
19324187442118495680593093,84,138,257,354,1.3774
19324187442118495680593101,84,138,257,354,1.3774
19324187442118495680593165,84,138,257,354,1.3774
19324187442118495680593169,84,138,257,354,1.3774
19324187442118495680593175,84,138,257,354,1.3774
19324187442118495680593185,84,138,257,354,1.3774
19324187442118495680593187,84,138,257,354,1.3774
19324187442118495680593189,84,138,257,354,1.3774
19324187442118495680591189,84,138,257,354,1.3774
19324187442118495680593357,84,138,257,354,1.3774
19324187442118495680593361,84,138,257,354,1.3774
19324187442118495680593369,84,138,257,354,1.3774
19324187442118495680593373,84,138,257,354,1.3774
19324187442118495680591413,84,138,257,354,1.3774
19324187442118495680591445,84,138,257,354,1.3774
19324187442118495680591473,84,138,257,354,1.3774
19324187442118495680591491,84,138,257,354,1.3774
19324187442118495680593541,84,138,257,354,1.3774
19324187442118495680593547,84,138,257,354,1.3774
19324187442118495680593553,84,138,257,354,1.3774
19324187442118495680593555,84,138,257,354,1.3774
19324187442118495680593667,84,138,257,354,1.3774
19324187442118495680593671,84,138,257,354,1.3774
19324187442118495680593675,84,138,257,354,1.3774
36685762097146831643627061,85,138,252,347,1.3770
36685762097146831643626837,85,138,252,347,1.3770
24457174731431221095751221,85,138,253,348,1.3755
24457174731431221095750741,85,138,253,348,1.3755
24457174731431221095750769,85,138,253,348,1.3755
24457174731431221095751365,85,138,253,348,1.3755
24457174731431221095751373,85,138,253,348,1.3755
24457174731431221095750997,85,138,253,348,1.3755
32609566308574961461001025,85,138,254,350,1.3780
32609566308574961460999509,85,138,254,350,1.3780
32609566308574961461001613,85,138,254,350,1.3780
32609566308574961461001621,85,138,254,350,1.3780
32609566308574961461001301,85,138,254,350,1.3780
32609566308574961461001821,85,138,254,350,1.3780
32609566308574961461001827,85,138,254,350,1.3780
32609566308574961461001829,85,138,254,350,1.3780
32609566308574961461001329,85,138,254,350,1.3780
32609566308574961461000405,85,138,254,350,1.3780
32609566308574961461000419,85,138,254,350,1.3780
32609566308574961461000981,85,138,254,350,1.3780
32609566308574961461001013,85,138,254,350,1.3780
21739710872383307640667533,85,138,255,351,1.3765
21739710872383307640667541,85,138,255,351,1.3765
21739710872383307640667221,85,138,255,351,1.3765
21739710872383307640667741,85,138,255,351,1.3765
21739710872383307640667747,85,138,255,351,1.3765
21739710872383307640667749,85,138,255,351,1.3765
21739710872383307640667249,85,138,255,351,1.3765
21739710872383307640667317,85,138,255,351,1.3765
21739710872383307640667333,85,138,255,351,1.3765
21739710872383307640667341,85,138,255,351,1.3765
21739710872383307640666325,85,138,255,351,1.3765
21739710872383307640666339,85,138,255,351,1.3765
21739710872383307640667877,85,138,255,351,1.3765
21739710872383307640667885,85,138,255,351,1.3765
21739710872383307640666901,85,138,255,351,1.3765
21739710872383307640666933,85,138,255,351,1.3765
21739710872383307640666945,85,138,255,351,1.3765
21739710872383307640665429,85,138,255,351,1.3765
28986281163177743520889045,85,138,256,353,1.3789
28986281163177743520889059,85,138,256,353,1.3789
28986281163177743520887125,85,138,256,353,1.3789
28986281163177743520889201,85,138,256,353,1.3789
28986281163177743520889205,85,138,256,353,1.3789
28986281163177743520889229,85,138,256,353,1.3789
28986281163177743520889237,85,138,256,353,1.3789
28986281163177743520887237,85,138,256,353,1.3789
28986281163177743520889621,85,138,256,353,1.3789
28986281163177743520889653,85,138,256,353,1.3789
28986281163177743520889665,85,138,256,353,1.3789
28986281163177743520889749,85,138,256,353,1.3789
28986281163177743520889763,85,138,256,353,1.3789
28986281163177743520889777,85,138,256,353,1.3789
28986281163177743520889779,85,138,256,353,1.3789
28986281163177743520889781,85,138,256,353,1.3789
28986281163177743520890037,85,138,256,353,1.3789
28986281163177743520890053,85,138,256,353,1.3789
28986281163177743520890061,85,138,256,353,1.3789
28986281163177743520888149,85,138,256,353,1.3789
28986281163177743520890317,85,138,256,353,1.3789
28986281163177743520890321,85,138,256,353,1.3789
28986281163177743520890329,85,138,256,353,1.3789
28986281163177743520890333,85,138,256,353,1.3789
28986281163177743520888373,85,138,256,353,1.3789
28986281163177743520888405,85,138,256,353,1.3789
28986281163177743520888433,85,138,256,353,1.3789
28986281163177743520888451,85,138,256,353,1.3789
28986281163177743520890501,85,138,256,353,1.3789
28986281163177743520890507,85,138,256,353,1.3789
28986281163177743520890513,85,138,256,353,1.3789
28986281163177743520890515,85,138,256,353,1.3789
38648374884236991361185589,85,138,257,355,1.3813
38648374884236991361185601,85,138,257,355,1.3813
38648374884236991361185605,85,138,257,355,1.3813
38648374884236991361185611,85,138,257,355,1.3813
38648374884236991361185635,85,138,257,355,1.3813
38648374884236991361185637,85,138,257,355,1.3813
38648374884236991361185649,85,138,257,355,1.3813
38648374884236991361185653,85,138,257,355,1.3813
38648374884236991361184085,85,138,257,355,1.3813
38648374884236991361186161,85,138,257,355,1.3813
38648374884236991361186165,85,138,257,355,1.3813
38648374884236991361186189,85,138,257,355,1.3813
38648374884236991361186197,85,138,257,355,1.3813
38648374884236991361184197,85,138,257,355,1.3813
38648374884236991361186325,85,138,257,355,1.3813
38648374884236991361186339,85,138,257,355,1.3813
38648374884236991361186347,85,138,257,355,1.3813
38648374884236991361186349,85,138,257,355,1.3813
38648374884236991361186369,85,138,257,355,1.3813
38648374884236991361186371,85,138,257,355,1.3813
38648374884236991361186373,85,138,257,355,1.3813
38648374884236991361186379,85,138,257,355,1.3813
38648374884236991361186381,85,138,257,355,1.3813
38648374884236991361184469,85,138,257,355,1.3813
38648374884236991361184483,85,138,257,355,1.3813
38648374884236991361184497,85,138,257,355,1.3813
38648374884236991361184533,85,138,257,355,1.3813
38648374884236991361184565,85,138,257,355,1.3813
38648374884236991361184577,85,138,257,355,1.3813
38648374884236991361180501,85,138,257,355,1.3813
38648374884236991361184601,85,138,257,355,1.3813
38648374884236991361180557,85,138,257,355,1.3813
38648374884236991361186709,85,138,257,355,1.3813
38648374884236991361186723,85,138,257,355,1.3813
38648374884236991361186737,85,138,257,355,1.3813
38648374884236991361186739,85,138,257,355,1.3813
38648374884236991361186741,85,138,257,355,1.3813
38648374884236991361182805,85,138,257,355,1.3813
38648374884236991361182833,85,138,257,355,1.3813
38648374884236991361182933,85,138,257,355,1.3813
38648374884236991361182947,85,138,257,355,1.3813
38648374884236991361182981,85,138,257,355,1.3813
38648374884236991361187085,85,138,257,355,1.3813
38648374884236991361187089,85,138,257,355,1.3813
38648374884236991361187095,85,138,257,355,1.3813
38648374884236991361187105,85,138,257,355,1.3813
38648374884236991361187107,85,138,257,355,1.3813
38648374884236991361187109,85,138,257,355,1.3813
38648374884236991361176917,85,138,257,355,1.3813
38648374884236991361187333,85,138,257,355,1.3813
38648374884236991361187339,85,138,257,355,1.3813
38648374884236991361187343,85,138,257,355,1.3813
38648374884236991361187351,85,138,257,355,1.3813
38648374884236991361187353,85,138,257,355,1.3813
38648374884236991361185333,85,138,257,355,1.3813
38648374884236991361185365,85,138,257,355,1.3813
38648374884236991361185393,85,138,257,355,1.3813
38648374884236991361185411,85,138,257,355,1.3813
55028643145720247465440597,86,138,251,346,1.3785
73371524194293663287252309,86,138,252,348,1.3810
73371524194293663287254101,86,138,252,348,1.3810
73371524194293663287254129,86,138,252,348,1.3810
48914349462862442191502421,86,138,253,349,1.3794
48914349462862442191502449,86,138,253,349,1.3794
48914349462862442191501525,86,138,253,349,1.3794
48914349462862442191501539,86,138,253,349,1.3794
48914349462862442191500629,86,138,253,349,1.3794
48914349462862442191502733,86,138,253,349,1.3794
48914349462862442191502741,86,138,253,349,1.3794
65219132617149922922002051,86,138,254,351,1.3819
65219132617149922922003637,86,138,254,351,1.3819
65219132617149922922003653,86,138,254,351,1.3819
65219132617149922922003661,86,138,254,351,1.3819
65219132617149922922002645,86,138,254,351,1.3819
65219132617149922922002659,86,138,254,351,1.3819
65219132617149922922003221,86,138,254,351,1.3819
65219132617149922922003253,86,138,254,351,1.3819
65219132617149922922003265,86,138,254,351,1.3819
65219132617149922922001749,86,138,254,351,1.3819
65219132617149922922000725,86,138,254,351,1.3819
65219132617149922922000837,86,138,254,351,1.3819
65219132617149922922001973,86,138,254,351,1.3819
65219132617149922922002005,86,138,254,351,1.3819
65219132617149922922002033,86,138,254,351,1.3819
43479421744766615281335061,86,138,255,352,1.3804
43479421744766615281333845,86,138,255,352,1.3804
43479421744766615281335093,86,138,255,352,1.3804
43479421744766615281335105,86,138,255,352,1.3804
43479421744766615281332565,86,138,255,352,1.3804
43479421744766615281333589,86,138,255,352,1.3804
43479421744766615281334641,86,138,255,352,1.3804
43479421744766615281334645,86,138,255,352,1.3804
43479421744766615281334669,86,138,255,352,1.3804
43479421744766615281334677,86,138,255,352,1.3804
43479421744766615281332677,86,138,255,352,1.3804
43479421744766615281335757,86,138,255,352,1.3804
43479421744766615281335761,86,138,255,352,1.3804
43479421744766615281335773,86,138,255,352,1.3804
43479421744766615281333813,86,138,255,352,1.3804
43479421744766615281335769,86,138,255,352,1.3804
43479421744766615281333873,86,138,255,352,1.3804
43479421744766615281333891,86,138,255,352,1.3804
43479421744766615281335477,86,138,255,352,1.3804
43479421744766615281335493,86,138,255,352,1.3804
43479421744766615281335501,86,138,255,352,1.3804
43479421744766615281334485,86,138,255,352,1.3804
43479421744766615281334499,86,138,255,352,1.3804
57972562326355487041779509,86,138,256,354,1.3828
57972562326355487041779521,86,138,256,354,1.3828
57972562326355487041779525,86,138,256,354,1.3828
57972562326355487041779531,86,138,256,354,1.3828
57972562326355487041779555,86,138,256,354,1.3828
57972562326355487041779557,86,138,256,354,1.3828
57972562326355487041779569,86,138,256,354,1.3828
57972562326355487041779573,86,138,256,354,1.3828
57972562326355487041778005,86,138,256,354,1.3828
57972562326355487041780081,86,138,256,354,1.3828
57972562326355487041780085,86,138,256,354,1.3828
57972562326355487041780109,86,138,256,354,1.3828
57972562326355487041780117,86,138,256,354,1.3828
57972562326355487041778117,86,138,256,354,1.3828
57972562326355487041778389,86,138,256,354,1.3828
57972562326355487041778403,86,138,256,354,1.3828
57972562326355487041778417,86,138,256,354,1.3828
57972562326355487041778453,86,138,256,354,1.3828
57972562326355487041778485,86,138,256,354,1.3828
57972562326355487041778497,86,138,256,354,1.3828
57972562326355487041774421,86,138,256,354,1.3828
57972562326355487041778521,86,138,256,354,1.3828
57972562326355487041774477,86,138,256,354,1.3828
57972562326355487041780629,86,138,256,354,1.3828
57972562326355487041780643,86,138,256,354,1.3828
57972562326355487041780657,86,138,256,354,1.3828
57972562326355487041780659,86,138,256,354,1.3828
57972562326355487041780661,86,138,256,354,1.3828
57972562326355487041776725,86,138,256,354,1.3828
57972562326355487041776753,86,138,256,354,1.3828
57972562326355487041776853,86,138,256,354,1.3828
57972562326355487041776867,86,138,256,354,1.3828
57972562326355487041776901,86,138,256,354,1.3828
57972562326355487041781005,86,138,256,354,1.3828
57972562326355487041781009,86,138,256,354,1.3828
57972562326355487041781015,86,138,256,354,1.3828
57972562326355487041781025,86,138,256,354,1.3828
57972562326355487041781027,86,138,256,354,1.3828
57972562326355487041781029,86,138,256,354,1.3828
57972562326355487041770837,86,138,256,354,1.3828
57972562326355487041779253,86,138,256,354,1.3828
57972562326355487041779285,86,138,256,354,1.3828
57972562326355487041779313,86,138,256,354,1.3828
57972562326355487041779331,86,138,256,354,1.3828
77296749768473982722369109,86,138,257,356,1.3852
77296749768473982722371157,86,138,257,356,1.3852
77296749768473982722371185,86,138,257,356,1.3852
77296749768473982722369137,86,138,257,356,1.3852
77296749768473982722371203,86,138,257,356,1.3852
77296749768473982722369155,86,138,257,356,1.3852
77296749768473982722371213,86,138,257,356,1.3852
77296749768473982722371223,86,138,257,356,1.3852
77296749768473982722369201,86,138,257,356,1.3852
77296749768473982722369203,86,138,257,356,1.3852
77296749768473982722371269,86,138,257,356,1.3852
77296749768473982722371277,86,138,257,356,1.3852
77296749768473982722371285,86,138,257,356,1.3852
77296749768473982722371299,86,138,257,356,1.3852
77296749768473982722371313,86,138,257,356,1.3852
77296749768473982722371329,86,138,257,356,1.3852
77296749768473982722361109,86,138,257,356,1.3852
77296749768473982722371361,86,138,257,356,1.3852
77296749768473982722373429,86,138,257,356,1.3852
77296749768473982722373441,86,138,257,356,1.3852
77296749768473982722373445,86,138,257,356,1.3852
77296749768473982722373451,86,138,257,356,1.3852
77296749768473982722373475,86,138,257,356,1.3852
77296749768473982722373477,86,138,257,356,1.3852
77296749768473982722373489,86,138,257,356,1.3852
77296749768473982722373493,86,138,257,356,1.3852
77296749768473982722365653,86,138,257,356,1.3852
77296749768473982722365667,86,138,257,356,1.3852
77296749768473982722365781,86,138,257,356,1.3852
77296749768473982722365893,86,138,257,356,1.3852
77296749768473982722365965,86,138,257,356,1.3852
77296749768473982722365969,86,138,257,356,1.3852
77296749768473982722374165,86,138,257,356,1.3852
77296749768473982722374179,86,138,257,356,1.3852
77296749768473982722374187,86,138,257,356,1.3852
77296749768473982722374189,86,138,257,356,1.3852
77296749768473982722374209,86,138,257,356,1.3852
77296749768473982722374211,86,138,257,356,1.3852
77296749768473982722374213,86,138,257,356,1.3852
77296749768473982722374219,86,138,257,356,1.3852
77296749768473982722374221,86,138,257,356,1.3852
77296749768473982722372309,86,138,257,356,1.3852
77296749768473982722372323,86,138,257,356,1.3852
77296749768473982722372337,86,138,257,356,1.3852
77296749768473982722372373,86,138,257,356,1.3852
77296749768473982722372405,86,138,257,356,1.3852
77296749768473982722372417,86,138,257,356,1.3852
77296749768473982722368341,86,138,257,356,1.3852
77296749768473982722372441,86,138,257,356,1.3852
77296749768473982722368397,86,138,257,356,1.3852
77296749768473982722374669,86,138,257,356,1.3852
77296749768473982722374673,86,138,257,356,1.3852
77296749768473982722374679,86,138,257,356,1.3852
77296749768473982722374685,86,138,257,356,1.3852
77296749768473982722374699,86,138,257,356,1.3852
77296749768473982722374701,86,138,257,356,1.3852
77296749768473982722374705,86,138,257,356,1.3852
77296749768473982722374707,86,138,257,356,1.3852
77296749768473982722372661,86,138,257,356,1.3852
77296749768473982722372677,86,138,257,356,1.3852
77296749768473982722372683,86,138,257,356,1.3852
77296749768473982722370645,86,138,257,356,1.3852
77296749768473982722372695,86,138,257,356,1.3852
77296749768473982722372701,86,138,257,356,1.3852
77296749768473982722370673,86,138,257,356,1.3852
77296749768473982722372739,86,138,257,356,1.3852
77296749768473982722372741,86,138,257,356,1.3852
77296749768473982722372749,86,138,257,356,1.3852
77296749768473982722372757,86,138,257,356,1.3852
77296749768473982722372759,86,138,257,356,1.3852
77296749768473982722372779,86,138,257,356,1.3852
77296749768473982722370773,86,138,257,356,1.3852
77296749768473982722370787,86,138,257,356,1.3852
77296749768473982722370821,86,138,257,356,1.3852
77296749768473982722364757,86,138,257,356,1.3852
77296749768473982722360661,86,138,257,356,1.3852
77296749768473982722368965,86,138,257,356,1.3852
77296749768473982722368981,86,138,257,356,1.3852
77296749768473982722368995,86,138,257,356,1.3852
77296749768473982722369077,86,138,257,356,1.3852
146743048388587326574507349,87,138,252,349,1.3849
146743048388587326574508245,87,138,252,349,1.3849
146743048388587326574508259,87,138,252,349,1.3849
97828698925724884383003077,87,138,253,350,1.3834
97828698925724884383004885,87,138,253,350,1.3834
97828698925724884383004899,87,138,253,350,1.3834
97828698925724884383005461,87,138,253,350,1.3834
97828698925724884383005493,87,138,253,350,1.3834
97828698925724884383005505,87,138,253,350,1.3834
97828698925724884383002965,87,138,253,350,1.3834
97828698925724884383003989,87,138,253,350,1.3834
130438265234299845844004101,87,138,254,352,1.3858
130438265234299845843998037,87,138,254,352,1.3858
130438265234299845844005205,87,138,254,352,1.3858
130438265234299845844001621,87,138,254,352,1.3858
130438265234299845844007281,87,138,254,352,1.3858
130438265234299845844007285,87,138,254,352,1.3858
130438265234299845844001677,87,138,254,352,1.3858
130438265234299845844007309,87,138,254,352,1.3858
130438265234299845844007317,87,138,254,352,1.3858
130438265234299845844005317,87,138,254,352,1.3858
130438265234299845844006453,87,138,254,352,1.3858
130438265234299845844003925,87,138,254,352,1.3858
130438265234299845844006485,87,138,254,352,1.3858
130438265234299845844006513,87,138,254,352,1.3858
130438265234299845844003953,87,138,254,352,1.3858
130438265234299845844006531,87,138,254,352,1.3858
130438265234299845844004053,87,138,254,352,1.3858
130438265234299845844004067,87,138,254,352,1.3858
86958843489533230562670133,87,138,255,353,1.3843
86958843489533230562667605,87,138,255,353,1.3843
86958843489533230562670165,87,138,255,353,1.3843
86958843489533230562670193,87,138,255,353,1.3843
86958843489533230562667633,87,138,255,353,1.3843
86958843489533230562670211,87,138,255,353,1.3843
86958843489533230562667733,87,138,255,353,1.3843
86958843489533230562669269,87,138,255,353,1.3843
86958843489533230562667747,87,138,255,353,1.3843
86958843489533230562669283,87,138,255,353,1.3843
86958843489533230562669297,87,138,255,353,1.3843
86958843489533230562667781,87,138,255,353,1.3843
86958843489533230562669333,87,138,255,353,1.3843
86958843489533230562669365,87,138,255,353,1.3843
86958843489533230562669377,87,138,255,353,1.3843
86958843489533230562661717,87,138,255,353,1.3843
86958843489533230562668885,87,138,255,353,1.3843
86958843489533230562669401,87,138,255,353,1.3843
86958843489533230562665301,87,138,255,353,1.3843
86958843489533230562670961,87,138,255,353,1.3843
86958843489533230562670965,87,138,255,353,1.3843
86958843489533230562665357,87,138,255,353,1.3843
86958843489533230562670989,87,138,255,353,1.3843
86958843489533230562670997,87,138,255,353,1.3843
86958843489533230562671509,87,138,255,353,1.3843
86958843489533230562671523,87,138,255,353,1.3843
86958843489533230562671537,87,138,255,353,1.3843
86958843489533230562671541,87,138,255,353,1.3843
86958843489533230562671539,87,138,255,353,1.3843
86958843489533230562668997,87,138,255,353,1.3843
115945124652710974083548501,87,138,256,355,1.3867
115945124652710974083552597,87,138,256,355,1.3867
115945124652710974083556805,87,138,256,355,1.3867
115945124652710974083556821,87,138,256,355,1.3867
115945124652710974083556835,87,138,256,355,1.3867
115945124652710974083556917,87,138,256,355,1.3867
115945124652710974083556949,87,138,256,355,1.3867
115945124652710974083558997,87,138,256,355,1.3867
115945124652710974083556977,87,138,256,355,1.3867
115945124652710974083559025,87,138,256,355,1.3867
115945124652710974083556995,87,138,256,355,1.3867
115945124652710974083559043,87,138,256,355,1.3867
115945124652710974083559053,87,138,256,355,1.3867
115945124652710974083559063,87,138,256,355,1.3867
115945124652710974083557041,87,138,256,355,1.3867
115945124652710974083557043,87,138,256,355,1.3867
115945124652710974083559109,87,138,256,355,1.3867
115945124652710974083559117,87,138,256,355,1.3867
115945124652710974083559125,87,138,256,355,1.3867
115945124652710974083559139,87,138,256,355,1.3867
115945124652710974083559153,87,138,256,355,1.3867
115945124652710974083559169,87,138,256,355,1.3867
115945124652710974083548949,87,138,256,355,1.3867
115945124652710974083559201,87,138,256,355,1.3867
115945124652710974083561269,87,138,256,355,1.3867
115945124652710974083561281,87,138,256,355,1.3867
115945124652710974083561285,87,138,256,355,1.3867
115945124652710974083561291,87,138,256,355,1.3867
115945124652710974083561315,87,138,256,355,1.3867
115945124652710974083561317,87,138,256,355,1.3867
115945124652710974083561329,87,138,256,355,1.3867
115945124652710974083561333,87,138,256,355,1.3867
115945124652710974083553493,87,138,256,355,1.3867
115945124652710974083553507,87,138,256,355,1.3867
115945124652710974083553621,87,138,256,355,1.3867
115945124652710974083553733,87,138,256,355,1.3867
115945124652710974083553805,87,138,256,355,1.3867
115945124652710974083553809,87,138,256,355,1.3867
115945124652710974083562005,87,138,256,355,1.3867
115945124652710974083562019,87,138,256,355,1.3867
115945124652710974083562027,87,138,256,355,1.3867
115945124652710974083562029,87,138,256,355,1.3867
115945124652710974083562049,87,138,256,355,1.3867
115945124652710974083562051,87,138,256,355,1.3867
115945124652710974083562053,87,138,256,355,1.3867
115945124652710974083562059,87,138,256,355,1.3867
115945124652710974083562061,87,138,256,355,1.3867
115945124652710974083560149,87,138,256,355,1.3867
115945124652710974083560163,87,138,256,355,1.3867
115945124652710974083560177,87,138,256,355,1.3867
115945124652710974083560213,87,138,256,355,1.3867
115945124652710974083560245,87,138,256,355,1.3867
115945124652710974083560257,87,138,256,355,1.3867
115945124652710974083556181,87,138,256,355,1.3867
115945124652710974083560281,87,138,256,355,1.3867
115945124652710974083556237,87,138,256,355,1.3867
115945124652710974083558485,87,138,256,355,1.3867
115945124652710974083558513,87,138,256,355,1.3867
115945124652710974083558613,87,138,256,355,1.3867
115945124652710974083558627,87,138,256,355,1.3867
115945124652710974083558661,87,138,256,355,1.3867
154593499536947965444738161,87,138,257,357,1.3891
154593499536947965444748419,87,138,257,357,1.3891
154593499536947965444748421,87,138,257,357,1.3891
154593499536947965444748429,87,138,257,357,1.3891
154593499536947965444748437,87,138,257,357,1.3891
154593499536947965444748439,87,138,257,357,1.3891
154593499536947965444748459,87,138,257,357,1.3891
154593499536947965444738261,87,138,257,357,1.3891
154593499536947965444742357,87,138,257,357,1.3891
154593499536947965444738275,87,138,257,357,1.3891
154593499536947965444742371,87,138,257,357,1.3891
154593499536947965444742405,87,138,257,357,1.3891
154593499536947965444738309,87,138,257,357,1.3891
154593499536947965444742421,87,138,257,357,1.3891
154593499536947965444742445,87,138,257,357,1.3891
154593499536947965444742459,87,138,257,357,1.3891
154593499536947965444736341,87,138,257,357,1.3891
154593499536947965444722005,87,138,257,357,1.3891
154593499536947965444738403,87,138,257,357,1.3891
154593499536947965444738405,87,138,257,357,1.3891
154593499536947965444742541,87,138,257,357,1.3891
154593499536947965444742549,87,138,257,357,1.3891
154593499536947965444742597,87,138,257,357,1.3891
154593499536947965444744645,87,138,257,357,1.3891
154593499536947965444742613,87,138,257,357,1.3891
154593499536947965444744661,87,138,257,357,1.3891
154593499536947965444742627,87,138,257,357,1.3891
154593499536947965444744675,87,138,257,357,1.3891
154593499536947965444742659,87,138,257,357,1.3891
154593499536947965444722229,87,138,257,357,1.3891
154593499536947965444744757,87,138,257,357,1.3891
154593499536947965444742721,87,138,257,357,1.3891
154593499536947965444742723,87,138,257,357,1.3891
154593499536947965444744789,87,138,257,357,1.3891
154593499536947965444746837,87,138,257,357,1.3891
154593499536947965444746865,87,138,257,357,1.3891
154593499536947965444744817,87,138,257,357,1.3891
154593499536947965444746883,87,138,257,357,1.3891
154593499536947965444744835,87,138,257,357,1.3891
154593499536947965444746893,87,138,257,357,1.3891
154593499536947965444746903,87,138,257,357,1.3891
154593499536947965444744881,87,138,257,357,1.3891
154593499536947965444744883,87,138,257,357,1.3891
154593499536947965444746949,87,138,257,357,1.3891
154593499536947965444746957,87,138,257,357,1.3891
154593499536947965444746965,87,138,257,357,1.3891
154593499536947965444746979,87,138,257,357,1.3891
154593499536947965444746993,87,138,257,357,1.3891
154593499536947965444747009,87,138,257,357,1.3891
154593499536947965444736789,87,138,257,357,1.3891
154593499536947965444747041,87,138,257,357,1.3891
154593499536947965444749333,87,138,257,357,1.3891
154593499536947965444749347,87,138,257,357,1.3891
154593499536947965444749357,87,138,257,357,1.3891
154593499536947965444749369,87,138,257,357,1.3891
154593499536947965444749373,87,138,257,357,1.3891
154593499536947965444745301,87,138,257,357,1.3891
154593499536947965444749399,87,138,257,357,1.3891
154593499536947965444749401,87,138,257,357,1.3891
154593499536947965444749405,87,138,257,357,1.3891
154593499536947965444749411,87,138,257,357,1.3891
154593499536947965444749413,87,138,257,357,1.3891
154593499536947965444745329,87,138,257,357,1.3891
154593499536947965444745357,87,138,257,357,1.3891
154593499536947965444745367,87,138,257,357,1.3891
154593499536947965444745389,87,138,257,357,1.3891
154593499536947965444745397,87,138,257,357,1.3891
154593499536947965444745417,87,138,257,357,1.3891
154593499536947965444741333,87,138,257,357,1.3891
154593499536947965444741347,87,138,257,357,1.3891
154593499536947965444745477,87,138,257,357,1.3891
154593499536947965444745485,87,138,257,357,1.3891
154593499536947965444745489,87,138,257,357,1.3891
154593499536947965444745493,87,138,257,357,1.3891
154593499536947965444745517,87,138,257,357,1.3891
154593499536947965444745525,87,138,257,357,1.3891
154593499536947965444745537,87,138,257,357,1.3891
154593499536947965444731221,87,138,257,357,1.3891
154593499536947965444741461,87,138,257,357,1.3891
154593499536947965444745559,87,138,257,357,1.3891
154593499536947965444745601,87,138,257,357,1.3891
154593499536947965444741573,87,138,257,357,1.3891
154593499536947965444731333,87,138,257,357,1.3891
154593499536947965444741645,87,138,257,357,1.3891
154593499536947965444741649,87,138,257,357,1.3891
154593499536947965444731733,87,138,257,357,1.3891
154593499536947965444737877,87,138,257,357,1.3891
154593499536947965444731789,87,138,257,357,1.3891
154593499536947965444737933,87,138,257,357,1.3891
154593499536947965444737989,87,138,257,357,1.3891
154593499536947965444738009,87,138,257,357,1.3891
154593499536947965444731925,87,138,257,357,1.3891
154593499536947965444731939,87,138,257,357,1.3891
154593499536947965444748341,87,138,257,357,1.3891
154593499536947965444748357,87,138,257,357,1.3891
154593499536947965444748363,87,138,257,357,1.3891
154593499536947965444738133,87,138,257,357,1.3891
154593499536947965444748375,87,138,257,357,1.3891
154593499536947965444748381,87,138,257,357,1.3891
